{"training_time_lr": 0.9220566749572754, "test_accuracy": 0.9976319074630737, "test_loss": 0.01222387608140707}